new_municipality,AED_number,points_coordinates
"gent, belgium",171,"(3.7303351, 51.0500182)"
"sint-niklaas, belgium",61,"(4.1386501, 51.1653295)"
"aalst, belgium",39,"(4.0424216, 50.9407315)"
"wetteren, belgium",35,"(3.880317099999999, 51.0031237)"
"dendermonde, belgium",28,"(4.1020474, 51.0254985)"
"oudenaarde, belgium",28,"(3.6023525, 50.8459459)"
"lokeren, belgium",27,"(3.9895048, 51.1040179)"
"deinze, belgium",27,"(3.526467, 50.97678579999999)"
"aalter, belgium",26,"(3.4483498, 51.0873768)"
"temse, belgium",21,"(4.213669299999999, 51.127542)"
"ronse, belgium",20,"(3.5997497, 50.7461817)"
"eeklo, belgium",20,"(3.564071, 51.1851666)"
"merelbeke, belgium",19,"(3.745505099999999, 50.9945558)"
"evergem, belgium",17,"(3.7099673, 51.1098423)"
"zwijnaarde, belgium",16,"(3.7106183, 50.99980619999999)"
"zulte, belgium",16,"(3.4438618, 50.9219223)"
"lochristi, belgium",15,"(3.8445923, 51.0991802)"
"zottegem, belgium",15,"(3.8099756, 50.871424)"
"erembodegem, belgium",14,"(4.060892, 50.9206095)"
"ninove, belgium",14,"(4.0187415, 50.83364359999999)"
"sint-denijs-westrem, belgium",14,"(3.669579299999999, 51.0200854)"
"melle, belgium",13,"(3.8005343, 51.0036374)"
"geraardsbergen, belgium",13,"(3.8822568, 50.7715168)"
"lede, belgium",12,"(3.9774135, 50.9657266)"
"desteldonk, belgium",12,"(3.782569099999999, 51.1220868)"
"zele, belgium",12,"(4.039897, 51.0685143)"
"beveren-waas, belgium",11,"(4.257960700000001, 51.2133887)"
"sint-martens-latem, belgium",10,"(3.6331183, 51.0090594)"
"wortegem-petegem, belgium",10,"(3.5104883, 50.8521149)"
"denderleeuw, belgium",10,"(4.059974200000001, 50.89570620000001)"
"gentbrugge, belgium",10,"(3.7592682, 51.0432117)"
"maldegem, belgium",10,"(3.4487502, 51.2090352)"
"sint-gillis-waas, belgium",10,"(4.1242431, 51.219922)"
"kruishoutem, belgium",10,"(3.5281414, 50.90449899999999)"
"hamme, belgium",9,"(4.1381593, 51.1000589)"
"drongen, belgium",9,"(3.6633, 51.05048)"
"oostakker, belgium",8,"(3.7642304, 51.09971299999999)"
"zelzate, belgium",8,"(3.8124589, 51.1982474)"
"wondelgem, belgium",8,"(3.7160657, 51.09050089999999)"
"erpe-mere, belgium",8,"(3.957330799999999, 50.9270095)"
"nazareth, belgium",8,"(3.595468099999999, 50.9596557)"
"herzele, belgium",8,"(3.8928574, 50.88446949999999)"
"denderhoutem, belgium",8,"(4.0184815, 50.8709652)"
"brakel, belgium",8,"(3.7639169, 50.8028094)"
"mariakerke, belgium",7,"(3.680642, 51.0736204)"
"sint-amandsberg, belgium",7,"(3.7509905, 51.0593304)"
"assenede, belgium",7,"(3.7511451, 51.2269689)"
"destelbergen, belgium",7,"(3.8035822, 51.03271119999999)"
"berlare, belgium",7,"(4.0037381, 51.0252302)"
"melsele, belgium",7,"(4.2822314, 51.2224882)"
"appelterre-eichem, belgium",7,"(3.9669736, 50.8187951)"
"bavegem, belgium",6,"(3.8657862, 50.9442706)"
"wachtebeke, belgium",6,"(3.8606427, 51.1710158)"
"kallo, belgium",6,"(4.278681199999999, 51.2526476)"
"doel, belgium",6,"(4.264974899999999, 51.31059759999999)"
"waasmunster, belgium",6,"(4.087682399999999, 51.1110153)"
"laarne, belgium",6,"(3.8508709, 51.0295079)"
"buggenhout, belgium",6,"(4.202132000000001, 51.0153863)"
"haaltert, belgium",6,"(4.0068787, 50.90180789999999)"
"gavere, belgium",6,"(3.6586503, 50.9304019)"
"kruibeke, belgium",5,"(4.3122566, 51.17064120000001)"
"lierde, belgium",5,"(3.8227025, 50.81170100000001)"
"lievegem, belgium",5,"(3.6061005, 51.15139449999999)"
"verrebroek, belgium",5,"(4.1888455, 51.25558909999999)"
"eke, belgium",5,"(3.6416381, 50.9568208)"
"lebbeke, belgium",4,"(4.128102999999999, 51.0001489)"
"stekene, belgium",4,"(4.0410041, 51.2061481)"
"sint-lievens-houtem, belgium",4,"(3.859243, 50.9201646)"
"aaigem, belgium",4,"(3.9372245, 50.88915799999999)"
"kalken, belgium",4,"(3.9183591, 51.0383253)"
"belsele, belgium",4,"(4.0861828, 51.1428369)"
"de, belgium",4,"(4.469936, 50.503887)"
"eksaarde, belgium",3,"(3.9586263, 51.1471563)"
"grembergen, belgium",3,"(4.1056631, 51.0550925)"
"waarschoot, belgium",3,"(3.6060488, 51.1514819)"
"ertvelde, belgium",3,"(3.7466865, 51.1787632)"
"moorsel, belgium",3,"(4.0983842, 50.9478217)"
"astene, belgium",3,"(3.5604333, 50.9837892)"
"asper, belgium",3,"(3.6510321, 50.9160245)"
"oosterzele, belgium",3,"(3.815664, 50.94673539999999)"
"sint-kruis-winkel, belgium",3,"(3.8158001, 51.1558401)"
"adegem, belgium",3,"(3.4868397, 51.2046849)"
"zwalm, belgium",3,"(3.7335625, 50.8757458)"
"maarkedal, belgium",3,"(3.6239674, 50.809245)"
"sint-laureins, belgium",2,"(3.5249276, 51.2418159)"
"nieuwkerken-waas, belgium",2,"(4.177540100000001, 51.1935108)"
"de pinte, belgium",2,"(3.6495896, 50.9918279)"
"massemen, belgium",2,"(3.8734909, 50.9808891)"
"beervelde, belgium",2,"(3.8805757, 51.0800983)"
"denderbelle, belgium",2,"(4.0907494, 51.0009562)"
"herdersem, belgium",2,"(4.0659206, 50.9700983)"
"kluisbergen, belgium",2,"(3.5095839, 50.7901988)"
"appels, belgium",2,"(4.0541409, 51.0293011)"
"wichelen, belgium",2,"(3.9688446, 51.0027198)"
"knesselare, belgium",2,"(3.4127817, 51.1389261)"
"afsnee, belgium",2,"(3.6661568, 51.0305603)"
"ledeberggent, belgium",2,"(3.7412237, 51.0371743)"
"lembeke, belgium",2,"(3.6330207, 51.1945809)"
"welle, belgium",1,"(4.055587, 50.8990369)"
"brugge, belgium",1,"(3.2247552, 51.2091807)"
"daknam, belgium",1,"(3.987354, 51.1278368)"
"zomergem, belgium",1,"(3.5644511, 51.1192868)"
"zingem, belgium",1,"(3.6526698, 50.9013625)"
"sint-kornelis-horebeke, belgium",1,"(3.6983276, 50.834426)"
"deinze-merendree, belgium",1,"(3.577022, 51.07774209999999)"
"sleidinge, belgium",1,"(3.6789117, 51.1319702)"
"bottelare, belgium",1,"(3.7537909, 50.9631988)"
"watervliet, belgium",1,"(3.6270198, 51.2765175)"
"bevere, belgium",1,"(3.587545099999999, 50.85236949999999)"
"ursel, belgium",1,"(3.4856153, 51.1294092)"
"velzeke, belgium",1,"(3.78068, 50.88476)"
"velzeke-ruddershove, belgium",1,"(3.7808616, 50.88564419999999)"
"baasrode, belgium",1,"(4.1577249, 51.0378102)"
"vrasene, belgium",1,"(4.1944794, 51.2193961)"
"vurste, belgium",1,"(3.6843031, 50.9490931)"
"wieze, belgium",1,"(4.0836695, 50.9786176)"
"bazel, belgium",1,"(4.2983585, 51.147512)"
"westrem, belgium",1,"(3.8613947, 50.96975699999999)"
"bellem, belgium",1,"(3.4906454, 51.0884355)"
"deurle, belgium",1,"(3.6043494, 51.0092272)"
"serskamp, belgium",1,"(3.922124699999999, 50.99082)"
"semmerzake, belgium",1,"(3.6647202, 50.9430929)"
"meerdonk, belgium",1,"(4.145993, 51.2607213)"
"gent-zeehaven, belgium",1,"(3.7498191, 51.106388)"
"machelen zulte, belgium",1,"(3.4880452, 50.958822)"
"lovendegem, belgium",1,"(3.6059674, 51.0953575)"
"gijzegem, belgium",1,"(4.051057999999999, 50.9837657)"
"grimminge, belgium",1,"(3.9441263, 50.7938805)"
"letterhoutem, belgium",1,"(3.8820403, 50.92638909999999)"
"heldergem, belgium",1,"(3.960628, 50.8749786)"
"kruisem, belgium",1,"(3.5281422, 50.9045204)"
"horebeke, belgium",1,"(3.6873757, 50.8375329)"
"kerksken, belgium",1,"(3.9920928, 50.8902903)"
"melsen, belgium",1,"(3.6940645, 50.95631909999999)"
"mendonk, belgium",1,"(3.8193015, 51.1447934)"
"oosteeklo, belgium",1,"(3.6883778, 51.1920171)"
"schoonaarde, belgium",1,"(4.0151259, 51.0035338)"
"rupelmonde, belgium",1,"(4.2903448, 51.1274074)"
"outer, belgium",1,"(3.9957303, 50.8389186)"
"iddergem, belgium",1,"(4.0487529, 50.8745041)"
"oudegem, belgium",1,"(4.0612485, 51.0091316)"
"oostkamp, belgium",1,"(3.2355133, 51.1545918)"
"olsene, belgium",1,"(3.4657328, 50.9362129)"
"mere, belgium",1,"(3.968053, 50.9224188)"
"elsegem, belgium",1,"(3.5353615, 50.8245725)"
"nevele, belgium",1,"(3.5474483, 51.0343323)"
"elversele, belgium",1,"(4.1433446, 51.1145439)"
"munkzwalm, belgium",1,"(3.7330622, 50.8778017)"
"moerbeke-waas, belgium",1,"(3.9407302, 51.17429809999999)"
"erpe, belgium",1,"(3.990094699999999, 50.9445573)"
